{
  "projectType": [
    "sap.watt.uitools.ide.fiori",
    "com.watt.common.builder.sapui5clientbuild"
  ],
  "build": {
    "targetFolder": "dist",
    "sourceFolder": "webapp",
    "excludedFolders": [
      "test"
    ],
    "excludedFiles": [
      "test.html"
    ],
    "buildRequired": true,
    "lastBuildDateTime": "Mon, 21 Mar 2022 14:51:37 GMT"
  },
  "dataBinding": {
    "/webapp/view/App.view.xml": {
      "entitySet": "UNBINDKEY"
    },
    "/webapp/view/NotFound.view.xml": {
      "entitySet": "UNBINDKEY"
    },
    "/webapp/view/ObjectNotFound.view.xml": {
      "entitySet": "UNBINDKEY"
    },
    "/webapp/view/Worklist.view.xml": {
      "entitySet": "MeseHeaderSet"
    },
    "/webapp/view/Object.view.xml": {
      "entitySet": "MeseHeaderSet"
    }
  },
  "generation": [
    {
      "templateId": "sap.ui.ui5-template-plugin.1worklist",
      "templateVersion": "1.52.7",
      "dateTimeStamp": "Fri, 04 Mar 2022 16:59:28 GMT"
    }
  ],
  "translation": {
    "translationDomain": "",
    "supportedLanguages": "en,fr,de",
    "defaultLanguage": "en",
    "defaultI18NPropertyFile": "i18n.properties",
    "resourceModelName": "i18n"
  },
  "mockpreview": {
    "mockUri": "/sap/opu/odata/sap/YSFI1_MESE_HANAIS_SRV",
    "metadataFilePath": "",
    "loadJSONFiles": false,
    "loadCustomRequests": false,
    "mockRequestsFilePath": ""
  },
  "codeCheckingTriggers": {
    "notifyBeforePush": true,
    "notifyBeforePushLevel": "Error",
    "blockPush": false,
    "blockPushLevel": "Error"
  },
  "basevalidator": {
    "services": {
      "xml": "fioriXmlAnalysis",
      "js": "fioriJsValidator"
    }
  },
  "deploy": {
    "destination": "AD3",
    "name": "Z_MESE_FIAA"
  }
}