<edmx:Edmx Version="1.0"
    xmlns:edmx="http://schemas.microsoft.com/ado/2007/06/edmx"
    xmlns:m="http://schemas.microsoft.com/ado/2007/08/dataservices/metadata"
    xmlns:sap="http://www.sap.com/Protocols/SAPData">
    <edmx:DataServices m:DataServiceVersion="2.0">
        <Schema Namespace="YSFI1_MESE_HANAIS_SRV" xml:lang="fr" sap:schema-version="1"
            xmlns="http://schemas.microsoft.com/ado/2008/09/edm">
            <Annotation Term="Core.SchemaVersion" String="1.0.0"
                xmlns="http://docs.oasis-open.org/odata/ns/edm"/>
                <EntityType Name="MeseHeader" sap:content-version="1">
                    <Key>
                        <PropertyRef Name="Pkokr"/>
                        <PropertyRef Name="Pbukr"/>
                        <PropertyRef Name="YaaNbreMese"/>
                    </Key>
                    <Property Name="Pkokr" Type="Edm.String" Nullable="false" MaxLength="4" sap:unicode="false" sap:label="Périmètre ana." sap:creatable="false" sap:updatable="false" sap:sortable="false" sap:filterable="false"/>
                    <Property Name="Pbukr" Type="Edm.String" Nullable="false" MaxLength="4" sap:unicode="false" sap:label="Société" sap:creatable="false" sap:updatable="false" sap:sortable="false" sap:filterable="false"/>
                    <Property Name="YaaNbreMese" Type="Edm.String" Nullable="false" MaxLength="3" sap:unicode="false" sap:label="Dummy" sap:creatable="false" sap:updatable="false" sap:sortable="false" sap:filterable="false"/>
                    <Property Name="Posid" Type="Edm.String" Nullable="false" MaxLength="24" sap:unicode="false" sap:label="Elément d'OTP" sap:creatable="false" sap:updatable="false" sap:sortable="false" sap:filterable="false"/>
                    <Property Name="Objnr" Type="Edm.String" Nullable="false" MaxLength="22" sap:unicode="false" sap:label="Numéro d'objet" sap:creatable="false" sap:updatable="false" sap:sortable="false" sap:filterable="false"/>
                    <Property Name="Ernam" Type="Edm.String" Nullable="false" MaxLength="12" sap:unicode="false" sap:label="Créé par" sap:creatable="false" sap:updatable="false" sap:sortable="false" sap:filterable="false"/>
                    <Property Name="Erdat" Type="Edm.String" Nullable="false" MaxLength="10" sap:unicode="false" sap:label="Zone de 10 caractères" sap:creatable="false" sap:updatable="false" sap:sortable="false" sap:filterable="false"/>
                    <Property Name="Aenam" Type="Edm.String" Nullable="false" MaxLength="12" sap:unicode="false" sap:label="Modifié par" sap:creatable="false" sap:updatable="false" sap:sortable="false" sap:filterable="false"/>
                    <Property Name="Aedat" Type="Edm.String" Nullable="false" MaxLength="10" sap:unicode="false" sap:label="Zone de 10 caractères" sap:creatable="false" sap:updatable="false" sap:sortable="false" sap:filterable="false"/>
                    <Property Name="Timestmp" Type="Edm.String" Nullable="false" MaxLength="10" sap:unicode="false" sap:label="Zone de 10 caractères" sap:creatable="false" sap:updatable="false" sap:sortable="false" sap:filterable="false"/>
                    <Property Name="YyaastatMese" Type="Edm.String" Nullable="false" MaxLength="10" sap:unicode="false" sap:label="Zone de 10 caractères" sap:creatable="false" sap:updatable="false" sap:sortable="false" sap:filterable="false"/>
                    <Property Name="YaaProcessP" Type="Edm.String" Nullable="false" MaxLength="10" sap:unicode="false" sap:label="Zone de 10 caractères" sap:creatable="false" sap:updatable="false" sap:sortable="false" sap:filterable="false"/>
                    <Property Name="YpsetiMuli" Type="Edm.String" Nullable="false" MaxLength="1" sap:unicode="false" sap:label="MESE mult" sap:creatable="false" sap:updatable="false" sap:sortable="false" sap:filterable="false"/>
                    <Property Name="Pgsbr" Type="Edm.String" Nullable="false" MaxLength="4" sap:unicode="false" sap:label="Domaine activ." sap:creatable="false" sap:updatable="false" sap:sortable="false" sap:filterable="false"/>
                    <Property Name="Prctr" Type="Edm.String" Nullable="false" MaxLength="10" sap:unicode="false" sap:label="Centre profit" sap:creatable="false" sap:updatable="false" sap:sortable="false" sap:filterable="false"/>
                    <Property Name="YypscodeMoa" Type="Edm.String" Nullable="false" MaxLength="3" sap:unicode="false" sap:label="Code MOA" sap:creatable="false" sap:updatable="false" sap:sortable="false" sap:filterable="false"/>
                    <Property Name="YypsrenouvRet" Type="Edm.String" Nullable="false" MaxLength="1" sap:unicode="false" sap:label="Renouvellement/retra" sap:creatable="false" sap:updatable="false" sap:sortable="false" sap:filterable="false"/>
                    <Property Name="Yypsajout" Type="Edm.String" Nullable="false" MaxLength="1" sap:unicode="false" sap:label="Ajout" sap:creatable="false" sap:updatable="false" sap:sortable="false" sap:filterable="false"/>
                    <Property Name="YypsregJurid" Type="Edm.String" Nullable="false" MaxLength="10" sap:unicode="false" sap:label="Régime Juridique" sap:creatable="false" sap:updatable="false" sap:sortable="false" sap:filterable="false"/>
                    <Property Name="YypsueI" Type="Edm.String" Nullable="false" MaxLength="10" sap:unicode="false" sap:label="UE" sap:creatable="false" sap:updatable="false" sap:sortable="false" sap:filterable="false"/>
                    <Property Name="Fkstl" Type="Edm.String" Nullable="false" MaxLength="10" sap:unicode="false" sap:label="Centre respons." sap:creatable="false" sap:updatable="false" sap:sortable="false" sap:filterable="false"/>
                    <Property Name="Tplnr" Type="Edm.String" Nullable="false" MaxLength="40" sap:unicode="false" sap:label="Poste technique" sap:creatable="false" sap:updatable="false" sap:sortable="false" sap:filterable="false"/>
                    <Property Name="YyaadateMese" Type="Edm.String" Nullable="false" MaxLength="10" sap:unicode="false" sap:label="Zone de 10 caractères" sap:creatable="false" sap:updatable="false" sap:sortable="false" sap:filterable="false"/>
                    <Property Name="YyaaTextI" Type="Edm.String" Nullable="false" MaxLength="50" sap:unicode="false" sap:label="c" sap:creatable="false" sap:updatable="false" sap:sortable="false" sap:filterable="false"/>
                    <Property Name="YyaaTextF" Type="Edm.String" Nullable="false" MaxLength="50" sap:unicode="false" sap:label="c" sap:creatable="false" sap:updatable="false" sap:sortable="false" sap:filterable="false"/>
                    <Property Name="YyaaetiI" Type="Edm.String" Nullable="false" MaxLength="8" sap:unicode="false" sap:label="Code ETI" sap:creatable="false" sap:updatable="false" sap:sortable="false" sap:filterable="false"/>
                    <Property Name="YyaaetiF" Type="Edm.String" Nullable="false" MaxLength="8" sap:unicode="false" sap:label="Code ETI" sap:creatable="false" sap:updatable="false" sap:sortable="false" sap:filterable="false"/>
                    <Property Name="YyaainsI" Type="Edm.String" Nullable="false" MaxLength="10" sap:unicode="false" sap:label="Code INSEE" sap:creatable="false" sap:updatable="false" sap:sortable="false" sap:filterable="false"/>
                    <Property Name="YyaainsF" Type="Edm.String" Nullable="false" MaxLength="10" sap:unicode="false" sap:label="Code INSEE" sap:creatable="false" sap:updatable="false" sap:sortable="false" sap:filterable="false"/>
                    <Property Name="YyaatypeRepart" Type="Edm.String" Nullable="false" MaxLength="2" sap:unicode="false" sap:label="N° à 2 chiffres" sap:creatable="false" sap:updatable="false" sap:sortable="false" sap:filterable="false"/>
                    <Property Name="YaamotifRet" Type="Edm.String" Nullable="false" MaxLength="2" sap:unicode="false" sap:label="Composante du n° de version" sap:creatable="false" sap:updatable="false" sap:sortable="false" sap:filterable="false"/>
                    <Property Name="YaanbrjRet" Type="Edm.String" Nullable="false" MaxLength="4" sap:unicode="false" sap:label="Compteur" sap:creatable="false" sap:updatable="false" sap:sortable="false" sap:filterable="false"/>
                    <NavigationProperty Name="MeseHeaderToItems" Relationship="YSFI1_MESE_HANAIS_SRV.MeseHeaderToMeseItems" FromRole="FromRole_MeseHeaderToMeseItems" ToRole="ToRole_MeseHeaderToMeseItems"/>
                </EntityType>
                <EntityType Name="MeseItems" sap:content-version="1">
                    <Key>
                        <PropertyRef Name="Pkokr"/>
                        <PropertyRef Name="Pbukr"/>
                        <PropertyRef Name="YaaNbreMese"/>
                        <PropertyRef Name="YaaRg"/>
                    </Key>
                    <Property Name="Pkokr" Type="Edm.String" Nullable="false" MaxLength="4" sap:unicode="false" sap:label="Périmètre ana." sap:creatable="false" sap:updatable="false" sap:sortable="false" sap:filterable="false"/>
                    <Property Name="Pbukr" Type="Edm.String" Nullable="false" MaxLength="4" sap:unicode="false" sap:label="Société" sap:creatable="false" sap:updatable="false" sap:sortable="false" sap:filterable="false"/>
                    <Property Name="YaaNbreMese" Type="Edm.String" Nullable="false" MaxLength="3" sap:unicode="false" sap:label="Dummy" sap:creatable="false" sap:updatable="false" sap:sortable="false" sap:filterable="false"/>
                    <Property Name="YaaRg" Type="Edm.String" Nullable="false" MaxLength="3" sap:unicode="false" sap:label="Dummy" sap:creatable="false" sap:updatable="false" sap:sortable="false" sap:filterable="false"/>
                    <Property Name="Ernam" Type="Edm.String" Nullable="false" MaxLength="12" sap:unicode="false" sap:label="Créé par" sap:creatable="false" sap:updatable="false" sap:sortable="false" sap:filterable="false"/>
                    <Property Name="Erdat" Type="Edm.String" Nullable="false" MaxLength="10" sap:unicode="false" sap:label="Zone de 10 caractères" sap:creatable="false" sap:updatable="false" sap:sortable="false" sap:filterable="false"/>
                    <Property Name="Aenam" Type="Edm.String" Nullable="false" MaxLength="12" sap:unicode="false" sap:label="Modifié par" sap:creatable="false" sap:updatable="false" sap:sortable="false" sap:filterable="false"/>
                    <Property Name="Aedat" Type="Edm.String" Nullable="false" MaxLength="10" sap:unicode="false" sap:label="Zone de 10 caractères" sap:creatable="false" sap:updatable="false" sap:sortable="false" sap:filterable="false"/>
                    <Property Name="Timestmp" Type="Edm.String" Nullable="false" MaxLength="10" sap:unicode="false" sap:label="Zone de 10 caractères" sap:creatable="false" sap:updatable="false" sap:sortable="false" sap:filterable="false"/>
                    <Property Name="YyaaTextFies" Type="Edm.String" Nullable="false" MaxLength="50" sap:unicode="false" sap:label="c" sap:creatable="false" sap:updatable="false" sap:sortable="false" sap:filterable="false"/>
                    <Property Name="YyaaPourcent" Type="Edm.Decimal" Nullable="false" Precision="10" Scale="0" sap:unicode="false" sap:label="YYAA_POURCENT" sap:creatable="false" sap:updatable="false" sap:sortable="false" sap:filterable="false"/>
                    <Property Name="YyaaCoeff" Type="Edm.Decimal" Nullable="false" Precision="10" Scale="0" sap:unicode="false" sap:label="Zone décimale de longueur 10" sap:creatable="false" sap:updatable="false" sap:sortable="false" sap:filterable="false"/>
                    <Property Name="YyaaMtt" Type="Edm.Decimal" Nullable="false" Precision="12" Scale="3" sap:unicode="false" sap:label="Prix net" sap:creatable="false" sap:updatable="false" sap:sortable="false" sap:filterable="false"/>
                    <Property Name="YyaaDev" Type="Edm.String" Nullable="false" MaxLength="5" sap:unicode="false" sap:label="YYAA_DEV" sap:creatable="false" sap:updatable="false" sap:sortable="false" sap:filterable="false" sap:semantics="currency-code"/>
                    <Property Name="YyaaQte" Type="Edm.Decimal" Nullable="false" Precision="13" Scale="0" sap:unicode="false" sap:label="YYAA_QTE" sap:creatable="false" sap:updatable="false" sap:sortable="false" sap:filterable="false"/>
                    <Property Name="YyaaUQte" Type="Edm.String" Nullable="false" MaxLength="3" sap:unicode="false" sap:label="YYAA_U_QTE" sap:creatable="false" sap:updatable="false" sap:sortable="false" sap:filterable="false" sap:semantics="unit-of-measure"/>
                    <Property Name="YyaaErsja" Type="Edm.String" Nullable="false" MaxLength="3" sap:unicode="false" sap:label="YYAA_ERSJA" sap:creatable="false" sap:updatable="false" sap:sortable="false" sap:filterable="false"/>
                    <Property Name="YyaaErspe" Type="Edm.String" Nullable="false" MaxLength="4" sap:unicode="false" sap:label="YYAA_ERSPE" sap:creatable="false" sap:updatable="false" sap:sortable="false" sap:filterable="false"/>
                    <Property Name="YyaaLetja" Type="Edm.String" Nullable="false" MaxLength="3" sap:unicode="false" sap:label="YYAA_LETJA" sap:creatable="false" sap:updatable="false" sap:sortable="false" sap:filterable="false"/>
                    <Property Name="YyaaLetpe" Type="Edm.String" Nullable="false" MaxLength="4" sap:unicode="false" sap:label="YYAA_LETPE" sap:creatable="false" sap:updatable="false" sap:sortable="false" sap:filterable="false"/>
                    <Property Name="Yyaaanlue" Type="Edm.String" Nullable="false" MaxLength="12" sap:unicode="false" sap:label="N°regroup.immo." sap:creatable="false" sap:updatable="false" sap:sortable="false" sap:filterable="false"/>
                    <Property Name="YyaafiesAjout" Type="Edm.String" Nullable="false" MaxLength="12" sap:unicode="false" sap:label="Immobilisation" sap:creatable="false" sap:updatable="false" sap:sortable="false" sap:filterable="false"/>
                    <Property Name="YyaafiesRattP" Type="Edm.String" Nullable="false" MaxLength="12" sap:unicode="false" sap:label="Immobilisation" sap:creatable="false" sap:updatable="false" sap:sortable="false" sap:filterable="false"/>
                    <Property Name="YyaafiesRattS" Type="Edm.String" Nullable="false" MaxLength="4" sap:unicode="false" sap:label="Nº subsidiaire" sap:creatable="false" sap:updatable="false" sap:sortable="false" sap:filterable="false"/>
                    <Property Name="Yyaains" Type="Edm.String" Nullable="false" MaxLength="9" sap:unicode="false" sap:label="YYAAINS" sap:creatable="false" sap:updatable="false" sap:sortable="false" sap:filterable="false"/>
                    <Property Name="YyaaueF" Type="Edm.String" Nullable="false" MaxLength="10" sap:unicode="false" sap:label="UE" sap:creatable="false" sap:updatable="false" sap:sortable="false" sap:filterable="false"/>
                    <Property Name="Yyaaimat" Type="Edm.String" Nullable="false" MaxLength="9" sap:unicode="false" sap:label="YYAAIMAT" sap:creatable="false" sap:updatable="false" sap:sortable="false" sap:filterable="false"/>
                    <Property Name="Yyaainvent" Type="Edm.String" Nullable="false" MaxLength="25" sap:unicode="false" sap:label="YYAAINVENT" sap:creatable="false" sap:updatable="false" sap:sortable="false" sap:filterable="false"/>
                    <Property Name="Yyaaplan" Type="Edm.String" Nullable="false" MaxLength="4" sap:unicode="false" sap:label="N°plan parcelle" sap:creatable="false" sap:updatable="false" sap:sortable="false" sap:filterable="false"/>
                    <Property Name="Yyaaparcelle" Type="Edm.String" Nullable="false" MaxLength="10" sap:unicode="false" sap:label="Parcelle" sap:creatable="false" sap:updatable="false" sap:sortable="false" sap:filterable="false"/>
                    <Property Name="YaadurA" Type="Edm.String" Nullable="false" MaxLength="3" sap:unicode="false" sap:label="YAADUR_A" sap:creatable="false" sap:updatable="false" sap:sortable="false" sap:filterable="false"/>
                    <Property Name="YaadurM" Type="Edm.String" Nullable="false" MaxLength="2" sap:unicode="false" sap:label="YAADUR_M" sap:creatable="false" sap:updatable="false" sap:sortable="false" sap:filterable="false"/>
                    <Property Name="Yaabelnr0lP" Type="Edm.String" Nullable="false" MaxLength="10" sap:unicode="false" sap:label="Nº pièce" sap:creatable="false" sap:updatable="false" sap:sortable="false" sap:filterable="false"/>
                    <Property Name="Yaabelnr0lI" Type="Edm.String" Nullable="false" MaxLength="10" sap:unicode="false" sap:label="Nº pièce" sap:creatable="false" sap:updatable="false" sap:sortable="false" sap:filterable="false"/>
                    <Property Name="Yaagjahr0lP" Type="Edm.String" Nullable="false" MaxLength="4" sap:unicode="false" sap:label="Exercice cptble" sap:creatable="false" sap:updatable="false" sap:sortable="false" sap:filterable="false"/>
                    <Property Name="Yaagjahr0lI" Type="Edm.String" Nullable="false" MaxLength="4" sap:unicode="false" sap:label="Exercice cptble" sap:creatable="false" sap:updatable="false" sap:sortable="false" sap:filterable="false"/>
                    <Property Name="Yaabelnr2lP" Type="Edm.String" Nullable="false" MaxLength="10" sap:unicode="false" sap:label="Nº pièce" sap:creatable="false" sap:updatable="false" sap:sortable="false" sap:filterable="false"/>
                    <Property Name="Yaabelnr2lI" Type="Edm.String" Nullable="false" MaxLength="10" sap:unicode="false" sap:label="Nº pièce" sap:creatable="false" sap:updatable="false" sap:sortable="false" sap:filterable="false"/>
                    <Property Name="Yaagjahr2lP" Type="Edm.String" Nullable="false" MaxLength="4" sap:unicode="false" sap:label="Exercice cptble" sap:creatable="false" sap:updatable="false" sap:sortable="false" sap:filterable="false"/>
                    <Property Name="Yaagjahr2lI" Type="Edm.String" Nullable="false" MaxLength="4" sap:unicode="false" sap:label="Exercice cptble" sap:creatable="false" sap:updatable="false" sap:sortable="false" sap:filterable="false"/>
                    <Property Name="Yaaanln1" Type="Edm.String" Nullable="false" MaxLength="12" sap:unicode="false" sap:label="Immobilisation" sap:creatable="false" sap:updatable="false" sap:sortable="false" sap:filterable="false"/>
                    <Property Name="Yaaanln2" Type="Edm.String" Nullable="false" MaxLength="4" sap:unicode="false" sap:label="Nº subsidiaire" sap:creatable="false" sap:updatable="false" sap:sortable="false" sap:filterable="false"/>
                </EntityType>
                <Association Name="MeseHeaderToMeseItems" sap:content-version="1">
                    <End Type="YSFI1_MESE_HANAIS_SRV.MeseHeader" Multiplicity="0..1" Role="FromRole_MeseHeaderToMeseItems"/>
                    <End Type="YSFI1_MESE_HANAIS_SRV.MeseItems" Multiplicity="*" Role="ToRole_MeseHeaderToMeseItems"/>
                    <ReferentialConstraint>
                        <Principal Role="FromRole_MeseHeaderToMeseItems">
                            <PropertyRef Name="YaaNbreMese"/>
                            <PropertyRef Name="Pbukr"/>
                            <PropertyRef Name="Pkokr"/>
                        </Principal>
                        <Dependent Role="ToRole_MeseHeaderToMeseItems">
                            <PropertyRef Name="YaaNbreMese"/>
                            <PropertyRef Name="Pkokr"/>
                            <PropertyRef Name="Pbukr"/>
                        </Dependent>
                    </ReferentialConstraint>
                </Association>
                <EntityContainer Name="YSFI1_MESE_HANAIS_SRV_Entities" m:IsDefaultEntityContainer="true" sap:supported-formats="atom json xlsx">
                    <EntitySet Name="MeseHeaderSet" EntityType="YSFI1_MESE_HANAIS_SRV.MeseHeader" sap:creatable="false" sap:updatable="false" sap:deletable="false" sap:pageable="false" sap:content-version="1"/>
                    <EntitySet Name="MeseItemsSet" EntityType="YSFI1_MESE_HANAIS_SRV.MeseItems" sap:creatable="false" sap:updatable="false" sap:deletable="false" sap:pageable="false" sap:content-version="1"/>
                    <AssociationSet Name="MeseHeaderToMeseItemsSet" Association="YSFI1_MESE_HANAIS_SRV.MeseHeaderToMeseItems" sap:creatable="false" sap:updatable="false" sap:deletable="false" sap:content-version="1">
                        <End EntitySet="MeseHeaderSet" Role="FromRole_MeseHeaderToMeseItems"/>
                        <End EntitySet="MeseItemsSet" Role="ToRole_MeseHeaderToMeseItems"/>
                    </AssociationSet>
                </EntityContainer>
                <atom:link rel="self" href="./sap/YSFI1_MESE_HANAIS_SRV/$metadata"
                    xmlns:atom="http://www.w3.org/2005/Atom"/>
                    <atom:link rel="latest-version" href="./sap/YSFI1_MESE_HANAIS_SRV/$metadata"
                        xmlns:atom="http://www.w3.org/2005/Atom"/>
                    </Schema>
                </edmx:DataServices>
            </edmx:Edmx>